{"sections":{"main":{"type":"product-template","settings":{"show_product_vendor":false,"show_product_type":true,"show_product_sku":false,"show_product_tags":false,"show_sharing_icons":false,"show_product_collections":false,"product_title_large":false,"enable_image_zoom_on_icon_click":true,"image_display_type":"image_zoom","enable_fading_effect":false,"enable_video_looping":true,"media_layout":"thumbnails","image_size":"medium","enable_arrows":true,"thumbnails_position":"bottom_center","quantity_enabled":true,"product_selector":"radio","show_product_description":true,"enable_split_description":false,"description_full":false,"dbtfy_product_description_position":"separate_section","description_style":"section-border","text_alignment":"","text_alignment_mobile":"small--text-left"}},"upsell-bundles":{"type":"dbtfy-upsell-bundles","disabled":true,"settings":{"dbtfy_upsell_bundles_title":"Frequently bought together","dbtfy_upsell_bundles_subtitle":"","dbtfy_upsell_bundles_total":"Total price:","dbtfy_upsell_bundles_cart":"Add selected items","dbtfy_upsell_bundles_icons":"library_add_check","dbtfy_upsell_bundles_current":"This item:","section_style":"section-border","dbtfy_upsell_bundles_reviews":false,"show_automatic_bundles":true,"dbtfy_upsell_bundles_limit":"2","dbtfy_upsell_bundles_position":"product","dbtfy_upsell_bundles_discount_code":"","dbtfy_upsell_bundles_discount_amount":"","dbtfy_upsell_bundles_discount_type":"%"}},"pricing-table":{"type":"dbtfy-pricing-table","disabled":true,"settings":{"show_on_desktop":true,"show_on_mobile":true,"title":"Pricing table","subtitle":"","section_style":"section-blank","dbtfy_button_position":"middle"}},"product-recommendations":{"type":"product-recommendations","disabled":true,"settings":{"show_product_recommendations":true,"title":"Recommended for you","subtitle":"","section_style":"section-border","rows":"2","desktop_grid":"4","mobile_grid":"2","slider_related_products":true,"arrows":true,"dots":true,"autoplay":false,"autoplayspeed":5}},"review-widget":{"type":"product-review-widget","settings":{}},"faq-section":{"type":"dbtfy-faq-section","disabled":true,"settings":{"show_on_desktop":true,"show_on_mobile":true,"title":"FAQ","subtitle":"","section_style":"section-border","dbtfy_faq_searchbox":true,"dbtfy_faq_search_placeholder":"Search questions...","dbtfy_faq_bannerbox":true,"dbtfy_faq_banner_icon":"live_help","dbtfy_faq_banner_text":"Didn't find your answer?","dbtfy_faq_banner_subtitle":"Our customer service will be happy to help you.","dbtfy_faq_btn":"Get in Touch","dbtfy_faq_link":""}},"related-products":{"type":"related-products","disabled":true,"settings":{"show_related_products":false,"related_collection":true,"same_vendor":false,"same_type":false,"never_empty":true,"title":"You may also like","subtitle":"","section_style":"section-border","rows":"1","desktop_grid":"4","mobile_grid":"2","slider_related_products":true,"arrows":true,"dots":true,"autoplay":false,"autoplayspeed":5}},"back-to-collection":{"type":"product-back-to-collection","disabled":true,"settings":{}},"quotes":{"type":"quotes","disabled":true,"settings":{"show_on_desktop":true,"show_on_mobile":true,"title":"Testimonials","subtitle":"","section_style":"section-blank","quote_width":"60","arrows":true,"dots":true,"autoplay":true,"autoplayspeed":5}}},"order":["main","upsell-bundles","pricing-table","product-recommendations","review-widget","faq-section","related-products","back-to-collection","quotes"]}